context_seq,guide_seq,y_true_norm,y_pred_norm,y_true_pct,y_pred_pct
TGGTTTTAAAACAGAATATACAGTCTAAAAAACC,TGGTTTTAAAACAGAATATACAGTCTAAAAAACC,0.9674368,-0.109224215,71.58071066780963,37.31778908405164
GCCATTTAAACAACTCTTTGAGCTCTCCAGTTCA,GCCATTTAAACAACTCTTTGAGCTCTCCAGTTCA,-0.66368693,0.37230757,19.672947801828492,52.64172639310867
TGATTTTAAACCAGCATCTATAGACACTTCCTGT,TGATTTTAAACCAGCATCTATAGACACTTCCTGT,1.0950261,0.7932062,75.64102649527265,66.03611629983493
GGACTTTAAACCCAAACTACTTGTCCAACGGTAC,GGACTTTAAACCCAAACTACTTGTCCAACGGTAC,0.1925177,0.7093267,46.920216819789296,63.366791639046966
CAGGTTTAAACGCTTCCACACTTGTGTCAGTAAT,CAGGTTTAAACGCTTCCACACTTGTGTCAGTAAT,0.44583303,1.6682631,54.9815501708809,93.88332588216088
TGTCTTTAAAGATCATTGTTTCTCCTCGGAGACT,TGTCTTTAAAGATCATTGTTTCTCCTCGGAGACT,0.520955,-0.4672521,57.37218114964338,25.92415499959884
GGACTTTAAATATTTCTGCAGAACTTCTTCAGCC,GGACTTTAAATATTTCTGCAGAACTTCTTCAGCC,-0.7623623,-0.21932362,16.53277048107857,33.81406111212874
TACCTTTAAATGGTCCTCCCTATAATCCTCTATC,TACCTTTAAATGGTCCTCCCTATAATCCTCTATC,0.9557369,0.07456112,71.20838059755607,43.16644754024342
TATCTTTAAATGTGCGTAATGGATCTGTGCTTTG,TATCTTTAAATGTGCGTAATGGATCTGTGCTTTG,0.369297,-0.23042966,52.54592004583809,33.4606299814905
TTTCTTTAAATGTTTTTTTGGCATCTTCTTCCTG,TTTCTTTAAATGTTTTTTTGGCATCTTCTTCCTG,-1.2872517,-0.81995165,-0.17095017516719224,14.70008642748379
GGCCTTTAACAAGCGGATCCTGTGCCTGTTCCGC,GGCCTTTAACAAGCGGATCCTGTGCCTGTTCCGC,-0.057186577,0.6659142,38.9737991837578,61.98526179728798
AGATTTTAACAGCTTCTCTGTGGATGATGAGTGC,AGATTTTAACAGCTTCTCTGTGGATGATGAGTGC,-0.35220188,1.44198,29.585434517001595,86.68224851420572
GCACTTTAACATACTCAAATTGGGGCCAGTTGAA,GCACTTTAACATACTCAAATTGGGGCCAGTTGAA,-0.2440821,-0.043541137,33.026164442858956,39.40804232055566
CACTTTTAACATTCAGTAAATTTTGTTGCACTGT,CACTTTTAACATTCAGTAAATTTTGTTGCACTGT,-1.2909881,0.33922276,-0.2898540672459049,51.588858092690316
CCGCTTTAACCACCAGCGCTACCTGTCCGGGCCC,CCGCTTTAACCACCAGCGCTACCTGTCCGGGCCC,0.42207062,0.57008576,54.22535169046509,58.93568406019705
AGGTTTTAACCAGTCTTCTCACCAAAAGAATGTG,AGGTTTTAACCAGTCTTCTCACCAAAAGAATGTG,1.6437566,1.485496,93.10344943082941,88.0670731276927
GTTTTTTAACCCAAGCCAACACATCCTTATTGCG,GTTTTTTAACCCAAGCCAACACATCCTTATTGCG,-0.45777228,0.11605888,26.22583431420911,44.487043784514555
GCATTTTAACCCCGGCGAGAGCTCGGAGATCTTC,GCATTTTAACCCCGGCGAGAGCTCGGAGATCTTC,-0.3446207,-0.05185753,29.826692611909294,39.14338710225043
CCGCTTTAACCCGGACAGCCATCAGTCGGAGCAG,CCGCTTTAACCCGGACAGCCATCAGTCGGAGCAG,1.7322112,0.04537159,95.91836810055534,42.23753992839404
ACACTTTAACCCTGTGTGTGGCAGTGACATGTCC,ACACTTTAACCCTGTGTGTGGCAGTGACATGTCC,1.297877,0.98373544,82.09641185408506,72.09938778348709
GCTCTTTAACGAAGCCGCAGCCATCATCAGGCAC,GCTCTTTAACGAAGCCGCAGCCATCATCAGGCAC,0.82134086,0.3376452,66.93145391976422,51.53865502802441
GCTGTTTAACGACTTTGGACCGCCTTCCATGGGC,GCTGTTTAACGACTTTGGACCGCCTTCCATGGGC,0.17435768,0.9036874,46.342304943658476,69.5519943352602
AACCTTTAACGTCTTATTGTGACGCTGAAGTTCT,AACCTTTAACGTCTTATTGTGACGCTGAAGTTCT,-0.9601664,-0.31426796,10.237988646853854,30.79261744410083
CCACTTTAACGTGCTCGCCTTCCCCTGCAACCAG,CCACTTTAACGTGCTCGCCTTCCCCTGCAACCAG,-0.32936984,1.0192004,30.312025575481776,73.22800169093698
TCTATTTAACTCCACAAATGGTTCCTTCTGACTT,TCTATTTAACTCCACAAATGGTTCCTTCTGACTT,0.6173428,0.81711817,60.439560517515645,66.79707389496895
CCACTTTAACTGATGCAGTCTTGTCTTCAAAAGG,CCACTTTAACTGATGCAGTCTTGTCTTCAAAAGG,1.6059499,0.2728827,91.90031336353539,49.47769754265604
TCACTTTAACTGCAACTTCGCTCCGTACTTTACA,TCACTTTAACTGCAACTTCGCTCCGTACTTTACA,0.8137406,0.066464126,66.68958884330617,42.908774388033464
GGGGTTTAACTGCGAGTTCTTCACCTTCTGCTGC,GGGGTTTAACTGCGAGTTCTTCACCTTCTGCTGC,0.829183,0.8384398,67.18101628100763,67.47559960193085
GCCCTTTAACTTCACTGCAATCGGCGGCAACCTG,GCCCTTTAACTTCACTGCAATCGGCGGCAACCTG,0.853698,-0.16124058,67.96116587403675,35.6624560295865
AGTCTTTAACTTCTCATCTTTTTCTTGAATGCTG,AGTCTTTAACTTCTCATCTTTTTCTTGAATGCTG,-1.2829368,-0.4284025,-0.03363577393944439,27.1604777831582
TTTCTTTAACTTTCTCAGTGACGATTCCGGATTG,TTTCTTTAACTTTCTCAGTGACGATTCCGGATTG,0.42906934,-0.6517369,54.44807408627901,20.053236917661017
TTCTTTTAACTTTGAAGTTGGCCTGAGGCTGGGA,TTCTTTTAACTTTGAAGTTGGCCTGAGGCTGGGA,-0.9706963,-0.14278115,9.902893101079517,36.2498960934448
CCACTTTAAGAAGAATTAGGCAGTGCTCAATGGT,CCACTTTAAGAAGAATTAGGCAGTGCTCAATGGT,0.31886232,0.9785487,50.940921410639994,71.93432863495634
GGACTTTAAGACCGACCTGCGCTTCCAGAGCTCG,GGACTTTAAGACCGACCTGCGCTTCCAGAGCTCG,1.0453198,0.43991408,74.05920601961984,54.793189569677466
GATATTTAAGACTGGCCCAATCCCAATCATGTGG,GATATTTAAGACTGGCCCAATCCCAATCATGTGG,1.6168773,1.9429626,92.24806068099981,102.62517659842646
TCACTTTAAGAGGTATGCTCCAGCTATATGCACC,TCACTTTAAGAGGTATGCTCCAGCTATATGCACC,0.9844954,1.8829163,72.1235722046338,100.71430383705999
GTTCTTTAAGATTATTGGTCACTTGTTCAGCTAA,GTTCTTTAAGATTATTGGTCACTTGTTCAGCTAA,0.8341582,0.15321666,67.33934362478152,45.66952754166011
GCTTTTTAAGATTCTGCATAGTATTTTGTTAAAT,GCTTTTTAAGATTCTGCATAGTATTTTGTTAAAT,-0.43964788,0.24115269,26.80261284197639,48.46794342628159
ACAGTTTAAGCAACTTCTGATGGTTGGCGGTTTA,ACAGTTTAAGCAACTTCTGATGGTTGGCGGTTTA,0.5139292,-0.006144346,57.148595701937566,40.598132152246286
AGATTTTAAGCAGCACCATCAAGCCTTACAATGT,AGATTTTAAGCAGCACCATCAAGCCTTACAATGT,-0.21084997,1.1291162,34.08372072734508,76.72588462021176
GTTCTTTAAGCCAAATTTTGCTGCACAGTGGAGA,GTTCTTTAAGCCAAATTTTGCTGCACAGTGGAGA,-1.2818799,-0.3919391,-1.4087807187479484e-06,28.32086432954286
GCCCTTTAAGCGCTTCCGATCAGCTTTCATGGCT,GCCCTTTAAGCGCTTCCGATCAGCTTTCATGGCT,0.63781047,0.62039995,61.09090862556066,60.53684827913254
GCGATTTAAGCGGCCCTTGGCAGCCTCCGTCCTC,GCGATTTAAGCGGCCCTTGGCAGCCTCCGTCCTC,0.19864795,0.9951173,47.1153016384802,72.46159643638858
AACTTTTAAGCTGATTTGCTTTCCCTGGATGGGA,AACTTTTAAGCTGATTTGCTTTCCCTGGATGGGA,-0.66958225,0.37092838,19.485339288702285,52.59783593656639
AGGCTTTAAGCTTGGCGCGGCTCAAGTAGAGCTT,AGGCTTTAAGCTTGGCGCGGCTCAAGTAGAGCTT,0.4129467,-0.75877446,53.93499827222087,16.64694750433394
CACGTTTAAGGAGTTTGCAGAGAAATACGGCCGG,CACGTTTAAGGAGTTTGCAGAGAAATACGGCCGG,0.45509648,0.5534999,55.2763440385294,58.40786618173482
TTTCTTTAAGGCAACATTTACATCATTATTCCTC,TTTCTTTAAGGCAACATTTACATCATTATTCCTC,0.4067724,0.08372152,53.73851170551213,43.457961810702685
CAGGTTTAAGGCATTTTCCACCTGTGCATCCCAC,CAGGTTTAAGGCATTTTCCACCTGTGCATCCCAC,-0.22815761,0.34668067,33.532934287654165,51.826193569328886
TATCTTTAAGTAATGTGGAATTGCTGATGAGGTG,TATCTTTAAGTAATGTGGAATTGCTGATGAGGTG,0.827175,0.8273759,67.11711629829462,67.12350857274674
ACAGTTTAAGTCAGCCTTTTCCTGCTTCCACTAT,ACAGTTTAAGTCAGCCTTTTCCTGCTTCCACTAT,0.30590388,0.47129393,50.528540990558774,55.7918003583553
CAGCTTTAAGTCTAACTGCTCCTGGAGGTGCACC,CAGCTTTAAGTCTAACTGCTCCTGGAGGTGCACC,1.0401223,0.5990719,73.89380354714969,59.858119612714745
CCTTTTTAAGTGAAGGCGTGTGCTGCCTGAGCTG,CCTTTTTAAGTGAAGGCGTGTGCTGCCTGAGCTG,0.95074826,0.6737905,71.04962646987958,62.23591293168733
TAAATTTAAGTGCTTTAATCCCTTTGGGAGTTTG,TAAATTTAAGTGCTTTAATCCCTTTGGGAGTTTG,0.3265269,0.51459944,51.1848341014218,57.169925412980305
GCTGTTTAAGTTCTCGTTCCAACCGTGATGGCAG,GCTGTTTAAGTTCTCGTTCCAACCGTGATGGCAG,0.8216972,1.1228414,66.94279309385168,76.52619907105094
AACCTTTAATAAATAATTGACCCAACACCATTTT,AACCTTTAATAAATAATTGACCCAACACCATTTT,-0.900462,1.0436169,12.137981263930325,74.00501394807773
ATTCTTTAATAACTTCATCCACTTTCTCTGTCCT,ATTCTTTAATAACTTCATCCACTTTCTCTGTCCT,-0.26726842,0.5248996,32.288298702081036,57.49771062470762
GGCCTTTAATACCTGTGCTTCCCACCTGACCATA,GGCCTTTAATACCTGTGCTTCCCACCTGACCATA,0.64914614,-0.20246585,61.45164724501991,34.350531322909475
GTTTTTTAATAGCTACAGCTAACTTCTTCCATCC,GTTTTTTAATAGCTACAGCTAACTTCTTCCATCC,0.76185286,0.37840885,65.03834864646687,52.83588935856998
CTTCTTTAATCAGTTAGCATTTTGTGACTTTCTG,CTTCTTTAATCAGTTAGCATTTTGTGACTTTCTG,-0.6810319,-0.97700334,19.1209739544797,9.702181373735147
GCCTTTTAATCCCGTTAGATCCTTTCCACTTTTG,GCCTTTTAATCCCGTTAGATCCTTTCCACTTTTG,-0.5780449,1.28285,22.398361351503407,81.61820523327715
TCAATTTAATCGTTTACCTTTGGTGGTGAGTTTC,TCAATTTAATCGTTTACCTTTGGTGGTGAGTTTC,-0.21812424,-0.39887446,33.85222934494597,28.100158250566516
TACGTTTAATCTCCAGTCGTGTCCCTTGGCCGAA,TACGTTTAATCTCCAGTCGTGTCCCTTGGCCGAA,1.2303582,0.16179466,79.94774268946523,45.94250800984293
TTCTTTTAATCTGTGTATCTGTCAGCTGACCAGC,TTCTTTTAATCTGTGTATCTGTCAGCTGACCAGC,0.83972454,0.52327925,67.51648360298155,57.44614564518811
GTATTTTAATGCAAATTTTTGGAGTGTTTCCATC,GTATTTTAATGCAAATTTTTGGAGTGTTTCCATC,-1.4104625,-0.0920862,-4.0919258004781724,37.86317741868131
TTCTTTTAATGGAAGGGGTATGCATTGTTGCACC,TTCTTTTAATGGAAGGGGTATGCATTGTTGCACC,0.9153003,0.53807586,69.92155505219031,57.917022963775565
TGCATTTAATGTATCTCCTTCTTGTATATCTTTT,TGCATTTAATGTATCTCCTTCTTGTATATCTTTT,0.7875217,1.2319148,65.85521682965742,79.9972761776084
ACACTTTAATGTCTCTCCAGCATATGGTATGTGC,ACACTTTAATGTCTCTCCAGCATATGGTATGTGC,0.80086476,1.5106139,66.27983646365624,88.86640713134753
ACCCTTTAATTAGTTTCCTGACATCTCTCACCTG,ACCCTTTAATTAGTTTCCTGACATCTCTCACCTG,-0.67707604,-0.12717728,19.246861928022124,36.746462957742104
TCTCTTTAATTCCTTCGAACCTTATTATATGTGG,TCTCTTTAATTCCTTCGAACCTTATTATATGTGG,1.3659241,0.47195062,84.26189820128427,55.81269854345209
TACATTTAATTCGACATGGTCATAAGTAATACCC,TACATTTAATTCGACATGGTCATAAGTAATACCC,0.80337274,1.5069574,66.3596488470751,88.7500449745109
ATCATTTAATTCTTTGTGGATGCACGGTCTCCTC,ATCATTTAATTCTTTGTGGATGCACGGTCTCCTC,-0.118279845,0.028961299,37.02960894428027,41.71531013310525
GAGCTTTAATTGTGGGTTGTGGCCTACAAATGTT,GAGCTTTAATTGTGGGTTGTGGCCTACAAATGTT,0.4540457,0.4953713,55.242905045557194,56.55802257002993
TACCTTTAATTTCTCTGTCCTGTTCTTCCACTCT,TACCTTTAATTTCTCTGTCCTGTTCTTCCACTCT,-0.23141316,-0.37278888,33.42933202109628,28.93028803222353
TCCTTTTACAATGGTCTTGGCACATTTAATTGTC,TCCTTTTACAATGGTCTTGGCACATTTAATTGTC,0.9441308,1.2734886,70.83903611780327,81.32029489473108
GAGCTTTACACAACTGGAAGGTCACATCTTTGTA,GAGCTTTACACAACTGGAAGGTCACATCTTTGTA,-0.6211806,-0.22911106,21.02564032949386,33.502592323201746
AGCATTTACACACTCATGTTCACATCCGTGGTTT,AGCATTTACACACTCATGTTCACATCCGTGGTTT,1.0843023,-0.06688622,75.2997587058582,38.66512452533084
GAAGTTTACACATGTGGTTTGAACACCAAGGGGC,GAAGTTTACACATGTGGTTTGAACACCAAGGGGC,0.05547124,0.5754447,42.5589443651244,59.106223114037036
TGTGTTTACACGGACGACTTCACGGACCGCTTGG,TGTGTTTACACGGACGACTTCACGGACCGCTTGG,0.32752213,0.79551876,51.21650526062861,66.10970901918007
ATAATTTACACGTGTTCTTCATGGGATCTGGGTC,ATAATTTACACGTGTTCTTCATGGGATCTGGGTC,-0.4717966,0.37831786,25.77953405795877,52.83299386689308
ACTGTTTACACTCAGGCTCATGCTGTCCTGCTCT,ACTGTTTACACTCAGGCTCATGCTGTCCTGCTCT,1.1977973,1.125459,78.91154551669068,76.60949970156699
CTGGTTTACACTGTTTGTCAGCTGGAGCAGACTC,CTGGTTTACACTGTTTGTCAGCTGGAGCAGACTC,-0.59222215,0.030381856,21.9471938619462,41.76051698088485
GGTGTTTACACTTCCTGCTGCTGTGCTTCCAGGT,GGTGTTTACACTTCCTGCTGCTGTGCTTCCAGGT,0.41619456,0.21187843,54.03835584934127,47.53633960712761
ACCATTTACAGCCACACACACCATAGTAGTGACG,ACCATTTACAGCCACACACACCATAGTAGTGACG,0.30661422,2.0195818,50.55114631126592,105.06345183525667
TCTCTTTACAGCCTATGGAGGTCTGCAGAGCCTG,TCTCTTTACAGCCTATGGAGGTCTGCAGAGCCTG,0.18839411,0.3780599,46.78899072803416,52.824784441424605
CACCTTTACAGCTTCAAGAGAATAGTTCACATCC,CACCTTTACAGCTTCAAGAGAATAGTTCACATCC,-0.84003294,0.5462495,14.061033489468027,58.17713542309099
CTGTTTTACAGCTTGTAGGAGTTCAGCATGTGAA,CTGTTTTACAGCTTGTAGGAGTTCAGCATGTGAA,0.9060603,0.589701,69.62750663375833,59.5599057833935
CTACTTTACAGTGTCCTGATAATGGGAATGTACT,CTACTTTACAGTGTCCTGATAATGGGAATGTACT,1.4302862,0.7857016,86.31011191932132,65.79729371839801
GGGATTTACATCACTTCCCGCGTGTTGAAGGCAT,GGGATTTACATCACTTCCCGCGTGTTGAAGGCAT,0.17533362,0.55521786,46.37336248245423,58.46253814806517
CTCTTTTACATCCACCACCGTTGTGACCTCATTG,CTCTTTTACATCCACCACCGTTGTGACCTCATTG,0.08591565,0.20377411,43.52778626529013,47.278433146384245
AAGATTTACATCCAGAGGCACGACAATGTGAGGT,AAGATTTACATCCAGAGGCACGACAATGTGAGGT,-0.17435335,0.73559666,35.24516427519515,64.20278922516025
ATCATTTACATCCAGCACTTTCACCAAAACCTTA,ATCATTTACATCCAGCACTTTCACCAAAACCTTA,1.8408307,0.5744951,99.3749990462145,59.07600302009902
CTGCTTTACATCCTTTTGAGGTCCCACGAGAATA,CTGCTTTACATCCTTTTGAGGTCCCACGAGAATA,-1.2677991,-0.7001794,0.4480951334951868,18.511636556988226
TTCCTTTACATCTTCGTGCTGGAGATCAAGCTCT,TTCCTTTACATCTTCGTGCTGGAGATCAAGCTCT,-0.4856827,0.62401074,25.337632521131113,60.651755577065686
CCCATTTACATCTTGGTGCAGTTGCTGTCTGCTT,CCCATTTACATCTTGGTGCAGTTGCTGTCTGCTT,0.87893796,0.17779376,68.76438455961383,46.451652195749546
CATCTTTACATGAGTCTCATCTTTCTTCATGGAG,CATCTTTACATGAGTCTCATCTTTCTTCATGGAG,-0.14670932,0.10897035,36.12488871735472,44.26146335916631
CAGATTTACATGCAAGGGCAAACCAGTCCACCAC,CAGATTTACATGCAAGGGCAAACCAGTCCACCAC,0.8018079,1.6366966,66.30984980450366,92.87877520996766
GTGTTTTACATGGCTATGTCTTGCCATGCTTTGC,GTGTTTTACATGGCTATGTCTTGCCATGCTTTGC,-1.2893671,0.8544443,-0.23826822273560566,67.9849159240115
CTGCTTTACCACAAGTTGTGTCCCCCAGATGCTG,CTGCTTTACCACAAGTTGTGTCCCCCAGATGCTG,0.55583483,1.345114,58.48217210440163,83.59965098077579
GGTGTTTACCACTGATGCCAAGACTCATATAGCA,GGTGTTTACCACTGATGCCAAGACTCATATAGCA,1.1662165,0.68658745,77.90653960833471,62.643153925172705
CCCTTTTACCACTGGTGTGATGGTGTTCACCCCA,CCCTTTTACCACTGGTGTGATGGTGTTCACCCCA,0.68761,0.658498,62.67569382672346,61.74925409279081
CACCTTTACCAGCTACGGTATCAGCTGGGTGCGA,CACCTTTACCAGCTACGGTATCAGCTGGGTGCGA,-0.20069169,0.39676735,34.40699103958734,53.420117636459125
AACTTTTACCATTGGTGATGTCATATACTAGCAT,AACTTTTACCATTGGTGATGTCATATACTAGCAT,0.671913,1.4952544,62.17616508214218,88.3776162697554
GGTCTTTACCATTTTCGAGACCAGATCCTGGCTG,GGTCTTTACCATTTTCGAGACCAGATCCTGGCTG,-0.7983487,0.60527813,15.387563215496002,60.055621925111645
AAGGTTTACCCACCTGTCCCAGCTGAGAAGAGGA,AAGGTTTACCCACCTGTCCCAGCTGAGAAGAGGA,0.73277265,1.3768286,64.11291991617901,84.60891334725359
TGCCTTTACCCACTCGCCGATGATGGTGGCCTCC,TGCCTTTACCCACTCGCCGATGATGGTGGCCTCC,-0.5712516,0.045922127,22.614547314746993,42.25505988179967
GGTCTTTACCCATTTGTAGCCAGCTCCAGAATGG,GGTCTTTACCCATTTGTAGCCAGCTCCAGAATGG,0.27771056,-0.499704,49.63133595395349,24.891428054156684
GGACTTTACCCCAGCTCCACTGGAGGACACCTCC,GGACTTTACCCCAGCTCCACTGGAGGACACCTCC,-0.25012177,1.0123453,32.83396183812354,73.00984872810679
CGCTTTTACCGTCCCCCTCGATGTTCCCACTGCA,CGCTTTTACCGTCCCCCTCGATGTTCCCACTGCA,1.1470671,1.3136727,77.2971415126882,82.59908362500674
CTTGTTTACCTATAGCTCTTTCAACAATGGGCAG,CTTGTTTACCTATAGCTCTTTCAACAATGGGCAG,1.6834908,1.2281029,94.3679209837862,79.87597091477113
TGGTTTTACCTCCAAAGCGATGGGCAAGAAATGA,TGGTTTTACCTCCAAAGCGATGGGCAAGAAATGA,1.0013139,1.7821159,72.65879336119296,97.50650118433178
CAGGTTTACCTCCAGCTTTGTGGAACTGACAAAG,CAGGTTTACCTCCAGCTTTGTGGAACTGACAAAG,0.33642915,1.1213769,51.49995616055496,76.47959426888818
ATTTTTTACCTCCATACACCTTCCAGATCAGAGT,ATTTTTTACCTCCATACACCTTCCAGATCAGAGT,1.3862314,1.3871547,84.90814387067167,84.93752557134326
CACGTTTACCTGCTGCTCGTCCAGCAGGGCAGGC,CACGTTTACCTGCTGCTCGTCCAGCAGGGCAGGC,-1.2703271,0.4558405,0.3676473162657814,55.300021061036375
TGTATTTACCTGGCTGGATATTCCTTAGTGTGTA,TGTATTTACCTGGCTGGATATTCCTTAGTGTGTA,-1.2668601,1.0072802,0.4779775939458162,72.84866098377688
ACTCTTTACGCAGTGATCTTCCTGATGAGCGTTG,ACTCTTTACGCAGTGATCTTCCTGATGAGCGTTG,0.35631222,0.5800156,52.13270123249045,59.25168434576087
TTTATTTACGCCGTAGCAGGCAGAACCAGAGATG,TTTATTTACGCCGTAGCAGGCAGAACCAGAGATG,1.1519012,1.7989988,77.45098098662419,98.04377090362337
CTCATTTACGCGCAGTTCTTCCCTCAGGGAGGTG,CTCATTTACGCGCAGTTCTTCCCTCAGGGAGGTG,1.390071,0.021821376,85.03033305039165,41.488094117725865
CTCCTTTACGCTGCAATGAATGTTGCAGGCAGAC,CTCCTTTACGCTGCAATGAATGTTGCAGGCAGAC,-1.2912226,-0.15531735,-0.2973161466805152,35.85095272743443
CAGCTTTACGCTGGCTGCTGTCTCCGTGGACAGG,CAGCTTTACGCTGGCTGCTGTCTCCGTGGACAGG,0.18830995,0.54897183,46.786312421943244,58.263768761681916
AATTTTTACGCTGTTGCCAGAAGTCTTTTTGGCA,AATTTTTACGCTGTTGCCAGAAGTCTTTTTGGCA,0.8780345,0.9548809,68.73563260230073,71.1811404036668
ACTGTTTACGGAAACAACTTCCACATTCACTGCA,ACTGTTTACGGAAACAACTTCCACATTCACTGCA,-0.09444345,0.88714707,37.78816208632753,69.02562562524943
GGGATTTACGGAACCTGCGACCGGGGGCTGCGTT,GGGATTTACGGAACCTGCGACCGGGGGCTGCGTT,-0.02507621,0.06813669,39.9956574843651,42.96200097954705
CCTCTTTACGGACTCCACTTATGACTCCCTAAAG,CCTCTTTACGGACTCCACTTATGACTCCCTAAAG,0.6514371,0.8448298,61.52455331648623,67.6789498022019
GCTCTTTACGGCTGACAATCACACGGAGCCGGCA,GCTCTTTACGGCTGACAATCACACGGAGCCGGCA,-0.22896788,0.51738477,33.50714895266839,57.25856368750473
CAGCTTTACGTAAGCATTCCAGGGCTGCCTCGTT,CAGCTTTACGTAAGCATTCCAGGGCTGCCTCGTT,0.48389235,-0.5518683,56.19272400167368,23.231386624837317
GTACTTTACGTAGGATTTCCCATCAGCCTCTGTC,GTACTTTACGTAGGATTTCCCATCAGCCTCTGTC,-0.18539546,0.27368072,34.89376748115925,49.50309308167745
AGGGTTTACGTCAGCTCCTTCTGGCCACAAGAGT,AGGGTTTACGTCAGCTCCTTCTGGCCACAAGAGT,0.7495316,0.349198,64.64624615221067,51.90630375307091
TTCATTTACGTGGAGATTGCCTTCTTCTCCCGTT,TTCATTTACGTGGAGATTGCCTTCTTCTCCCGTT,1.2459118,0.3206564,80.44270958833215,50.99801466431104
TCCGTTTACGTGTACAAGGTGCTGAAGCAGGTCC,TCCGTTTACGTGTACAAGGTGCTGAAGCAGGTCC,0.36998093,1.1550505,52.567685076461466,77.55120122785623
TGACTTTACGTTTCTTGATTACACAGCTAGAAGC,TGACTTTACGTTTCTTGATTACACAGCTAGAAGC,0.4555572,0.649107,55.29100548819635,61.450401036024346
CCCCTTTACTAAATCCCTTCATTTATACTCTCAG,CCCCTTTACTAAATCCCTTCATTTATACTCTCAG,-1.3982632,-0.70731544,-3.7037041945095197,18.2845438940118
GCACTTTACTACATGAGTATGTGGGTGATCAATT,GCACTTTACTACATGAGTATGTGGGTGATCAATT,-0.3274277,0.9416868,30.37383147184608,70.76126091621275
ATCATTTACTACGAGGACGGGGTGGTGCCCACTA,ATCATTTACTACGAGGACGGGGTGGTGCCCACTA,0.1961898,-0.32129395,47.03707546856594,30.569027254351656
GTAATTTACTAGGCATCATCTTTCCAGTTCTGAA,GTAATTTACTAGGCATCATCTTTCCAGTTCTGAA,0.7503776,0.73793566,64.67316768078601,64.27722413140651
GGTTTTTACTATTAAATCTTGAGTCTGTTCCTTT,GGTTTTTACTATTAAATCTTGAGTCTGTTCCTTT,-0.038211614,-0.5627657,39.57764541358704,22.88459530331469
GGACTTTACTATTGTGATGACGCTGGTGGCGGCC,GGACTTTACTATTGTGATGACGCTGGTGGCGGCC,-1.2843692,-0.7924639,-0.0792200883706684,15.574837888769519
CTCCTTTACTCAACACTACATCCTCCCTCAGTGG,CTCCTTTACTCAACACTACATCCTCCCTCAGTGG,0.5865625,0.079704225,59.460028866100885,43.33011821847773
AGCATTTACTCCAGGACCCAACATAGAACTCCAG,AGCATTTACTCCAGGACCCAACATAGAACTCCAG,0.90491617,0.5291729,69.59109722482411,57.63370104742867
AGTATTTACTCCCCACTTCCTGCTCCACCCCTGG,AGTATTTACTCCCCACTTCCTGCTCCACCCCTGG,0.21494797,0.9395763,47.63402238095658,70.69409840766662
CACGTTTACTCTTGAGCTTCTTCAAGACTTCTTG,CACGTTTACTCTTGAGCTTCTTCAAGACTTCTTG,-0.11012757,0.65437126,37.28904139457756,61.61792794392072
TGGCTTTACTGCATTGTAATTGTGATCGCTCGCC,TGGCTTTACTGCATTGTAATTGTGATCGCTCGCC,-0.9367965,0.3399193,10.981696585053886,51.61102430018214
GATATTTACTGCCCGCACTACAACAGCTCGGGGG,GATATTTACTGCCCGCACTACAACAGCTCGGGGG,0.97175944,0.60434973,71.71827165529221,60.0260770981484
TATGTTTACTGGTCCAACACCTTCACAGAGCCTG,TATGTTTACTGGTCCAACACCTTCACAGAGCCTG,1.1073451,1.1956897,76.03305691046974,78.8444740553771
GGGGTTTACTGTCCTGCCATGGAGAAGGCTCACC,GGGGTTTACTGTCCTGCCATGGAGAAGGCTCACC,0.35390586,1.3359092,52.05612292264452,83.30672547821197
ATCTTTTACTGTGTGGCCAAAGAAAATGTCAGGA,ATCTTTTACTGTGTGGCCAAAGAAAATGTCAGGA,-0.6869556,1.3547728,18.93246255629735,83.90702643787262
ACACTTTACTGTTTGTGACCGCTCCTCAATGCGA,ACACTTTACTGTTTGTGACCGCTCCTCAATGCGA,-0.78890544,0.714983,15.688079781073881,63.546793914620366
CACGTTTACTTCACCAAGAGTGGCTTCCACCCAG,CACGTTTACTTCACCAAGAGTGGCTTCCACCCAG,0.30884647,-0.15198827,50.62218401764757,35.956895192391514
GGGGTTTACTTCCCTGCCCTGACCAGCCTGCTGT,GGGGTTTACTTCCCTGCCCTGACCAGCCTGCTGT,0.6513748,0.8125347,61.52257114236087,66.65121243478535
AGCATTTACTTCCTACCAGCCCCCCAATTTCTCA,AGCATTTACTTCCTACCAGCCCCCCAATTTCTCA,-0.45471278,1.2361686,26.323197948519812,80.13264823787503
TGCTTTTACTTCGTGTATAGGAATATGGAAACAC,TGCTTTTACTTCGTGTATAGGAATATGGAAACAC,0.4987853,0.67945707,56.666666577090396,62.416241459844045
